1,Aseel,aseel,mahdy,1234,@@@@,303,111
2,Arwa,arwa,nasr,1234,@,303,122
3,Hafsa,hafsa,masr,1234,@,303,155
4,Shahd,shahd,nasr,1234,@,303,122
5,Maryam,maryam,nasr,1234,@,303,111
6,rana,ranaahmed,madinaty,1234,rana@gmail.com,3031120,1111
